claim_id,label,url,http_status,status
C0001,TRUE,https://blog.talosintelligence.com/2022/01/iranian-apt-muddywater-targets-turkey.html,ERROR: URLError,DEAD/CHECK
C0002,TRUE,https://www.fireeye.com/blog/threat-research/2015/06/operation-clandestine-wolf-adobe-flash-zero-day.html,ERROR: URLError,DEAD/CHECK
C0003,TRUE,https://www.trendmicro.com/en_us/research/21/h/confucius-uses-pegasus-spyware-related-lures-to-target-pakistani.html,ERROR: URLError,DEAD/CHECK
C0004,TRUE,https://documents.trendmicro.com/assets/wp/wp-operation-tropic-trooper.pdf,ERROR: URLError,DEAD/CHECK
C0004,TRUE,https://documents.trendmicro.com/assets/Tech-Brief-Tropic-Trooper-s-Back-USBferry-Attack-Targets-Air-gapped-Environments.pdf,ERROR: URLError,DEAD/CHECK
C0005,TRUE,https://www.cisa.gov/sites/default/files/2024-04/aa24-109a-stopransomware-akira-ransomware_2.pdf,ERROR: URLError,DEAD/CHECK
C0005,TRUE,https://blog.bushidotoken.net/2023/09/tracking-adversaries-akira-another.html,ERROR: URLError,DEAD/CHECK
C0006,TRUE,https://blog.talosintelligence.com/teamtnt-targeting-aws-alibaba-2/,ERROR: URLError,DEAD/CHECK
C0007,TRUE,https://www.microsoft.com/security/blog/2021/03/02/hafnium-targeting-exchange-servers/,ERROR: URLError,DEAD/CHECK
C0008,TRUE,https://web.archive.org/web/20220105132433/https://f.hubspotusercontent30.net/hubfs/8776530/Sygnia-%20Elephant%20Beetle_Jan2022.pdf,ERROR: URLError,DEAD/CHECK
C0009,TRUE,https://researchcenter.paloaltonetworks.com/2018/08/unit42-gorgon-group-slithering-nation-state-cybercrime/,ERROR: URLError,DEAD/CHECK
C0010,TRUE,https://us-cert.cisa.gov/ncas/alerts/aa20-259a,ERROR: URLError,DEAD/CHECK
C0010,TRUE,https://www.clearskysec.com/wp-content/uploads/2020/12/Pay2Kitten.pdf,ERROR: URLError,DEAD/CHECK
C0011,TRUE,https://us-cert.cisa.gov/ncas/alerts/aa20-301a,ERROR: URLError,DEAD/CHECK
C0011,TRUE,https://asert.arbornetworks.com/stolen-pencil-campaign-targets-academia/,ERROR: URLError,DEAD/CHECK
C0012,TRUE,https://www.proofpoint.com/us/blog/threat-insight/part-1-socgholish-very-real-threat-very-fake-update,ERROR: URLError,DEAD/CHECK
C0012,TRUE,https://www.sentinelone.com/labs/socgholish-diversifies-and-expands-its-malware-staging-infrastructure-to-counter-defenders/,ERROR: URLError,DEAD/CHECK
C0012,TRUE,https://redcanary.com/threat-detection-report/threats/socgholish/,ERROR: URLError,DEAD/CHECK
C0012,TRUE,https://www.secureworks.com/research/threat-profiles/gold-prelude,ERROR: URLError,DEAD/CHECK
C0013,TRUE,https://cdn2.hubspot.net/hubfs/3354902/Cybereason%20Labs%20Analysis%20Operation%20Cobalt%20Kitty.pdf,ERROR: URLError,DEAD/CHECK
C0014,TRUE,https://www.proofpoint.com/us/blog/threat-insight/charting-ta2541s-flight,ERROR: URLError,DEAD/CHECK
C0015,TRUE,https://web.archive.org/web/20200618235708/https://www.fireeye.com/blog/threat-research/2016/05/targeted_attacksaga.html,ERROR: URLError,DEAD/CHECK
C0016,TRUE,https://www.secureworks.com/blog/lyceum-takes-center-stage-in-middle-east-campaign,ERROR: URLError,DEAD/CHECK
C0017,TRUE,https://www.fireeye.com/blog/threat-research/2014/04/new-zero-day-exploit-targeting-internet-explorer-versions-9-through-11-identified-in-targeted-attacks.html,ERROR: URLError,DEAD/CHECK
C0017,TRUE,https://recon.cx/2017/montreal/resources/slides/RECON-MTL-2017-evolution_of_pirpi.pdf,ERROR: URLError,DEAD/CHECK
C0018,TRUE,https://socradar.io/dark-web-profile-shinyhunters/,ERROR: URLError,DEAD/CHECK
C0019,TRUE,https://www.cisa.gov/news-events/cybersecurity-advisories/aa23-320a,ERROR: URLError,DEAD/CHECK
C0020,TRUE,https://web.archive.org/web/20220105132433/https://f.hubspotusercontent30.net/hubfs/8776530/Sygnia-%20Elephant%20Beetle_Jan2022.pdf,ERROR: URLError,DEAD/CHECK
C0021,TRUE,https://us-cert.cisa.gov/ncas/alerts/aa20-259a,ERROR: URLError,DEAD/CHECK
C0022,TRUE,https://www.proofpoint.com/us/blog/threat-insight/charting-ta2541s-flight,ERROR: URLError,DEAD/CHECK
C0022,TRUE,https://blog.talosintelligence.com/operation-layover-how-we-tracked-attack/,ERROR: URLError,DEAD/CHECK
C0023,TRUE,https://www.trendmicro.com/content/dam/trendmicro/global/en/research/22/a/earth-lusca-employs-sophisticated-infrastructure-varied-tools-and-techniques/technical-brief-delving-deep-an-analysis-of-earth-lusca-operations.pdf,ERROR: URLError,DEAD/CHECK
C0024,TRUE,https://us-cert.cisa.gov/ncas/alerts/aa21-200a,ERROR: URLError,DEAD/CHECK
C0025,TRUE,https://securelist.com/bluenoroff-methods-bypass-motw/108383/,ERROR: URLError,DEAD/CHECK
C0026,TRUE-ALIAS,https://www.secureworks.com/research/bronze-union,ERROR: URLError,DEAD/CHECK
C0027,TRUE-ALIAS,https://www.wiz.io/blog/teampcp-attack-kics-github-action,ERROR: URLError,DEAD/CHECK
C0028,TRUE-ALIAS,https://www.welivesecurity.com/2020/06/11/gamaredon-group-grows-its-game/,ERROR: URLError,DEAD/CHECK
C0029,TRUE-ALIAS,https://securelist.com/recent-cloud-atlas-activity/92016/,ERROR: URLError,DEAD/CHECK
C0030,TRUE-ALIAS,https://www.ncsc.gov.uk/files/Advisory-further-TTPs-associated-with-SVR-cyber-actors.pdf,ERROR: URLError,DEAD/CHECK
C0031,TRUE-ALIAS,https://research.nccgroup.com/2018/03/10/apt15-is-alive-and-strong-an-analysis-of-royalcli-and-royaldns/,ERROR: URLError,DEAD/CHECK
C0032,TRUE-ALIAS,https://blog.talosintelligence.com/2018/01/korea-in-crosshairs.html,ERROR: URLError,DEAD/CHECK
C0033,TRUE-ALIAS,https://web.archive.org/web/20190807112824/https://www2.fireeye.com/rs/848-DID-242/images/rpt-fin6.pdf,ERROR: URLError,DEAD/CHECK
C0033,TRUE-ALIAS,https://www.fireeye.com/blog/threat-research/2019/04/pick-six-intercepting-a-fin6-intrusion.html,ERROR: URLError,DEAD/CHECK
C0034,TRUE-ALIAS,https://www.pwc.com/gx/en/issues/cybersecurity/cyber-threat-intelligence/yellow-liderc-ships-its-scripts-delivers-imaploader-malware.html,ERROR: URLError,DEAD/CHECK
C0035,TRUE-ALIAS,https://vblocalhost.com/uploads/VB2021-Slowik.pdf,ERROR: URLError,DEAD/CHECK
C0036,TRUE-ALIAS,https://unit42.paloaltonetworks.com/updated-backconfig-malware-targeting-government-and-military-organizations/,ERROR: URLError,DEAD/CHECK
C0037,TRUE-ALIAS,https://www.fireeye.com/blog/threat-research/2018/03/suspected-chinese-espionage-group-targeting-maritime-and-engineering-industries.html,ERROR: URLError,DEAD/CHECK
C0038,TRUE-ALIAS,https://go.crowdstrike.com/rs/281-OBQ-266/images/Report2020CrowdStrikeGlobalThreatReport.pdf,ERROR: URLError,DEAD/CHECK
C0038,TRUE-ALIAS,https://www.mandiant.com/sites/default/files/2022-02/rt-apt41-dual-operation.pdf,ERROR: URLError,DEAD/CHECK
C0039,TRUE-ALIAS,https://www.fireeye.com/content/dam/fireeye-www/services/pdfs/mandiant-apt1-report.pdf,ERROR: URLError,DEAD/CHECK
C0040,TRUE-ALIAS,https://unit42.paloaltonetworks.com/ukraine-targeted-outsteel-saintbot/,ERROR: URLError,DEAD/CHECK
